,City,Country,Date,Lat,Lng,Max Temp,Humidity,Cloudiness,Wind Speed
0,Quatre Cocos,MU,2021-10-03 16:59:24,-20.2078,57.7625,72.09,79,23,17.2
1,Avarua,CK,2021-10-03 16:59:25,-21.2078,-159.775,73.45,78,40,9.22
2,Port Alfred,ZA,2021-10-03 16:54:45,-33.5906,26.891,58.06,68,36,11.74
3,Ust-Nera,RU,2021-10-03 16:59:25,64.5667,143.2,23.41,92,30,3.18
4,Tougan,BF,2021-10-03 16:59:26,13.0667,-3.0667,97.56,25,22,4.54
5,Solnechnyy,RU,2021-10-03 16:59:26,50.7214,136.6319,35.33,69,48,4.97
6,Kapaa,US,2021-10-03 16:54:32,22.0752,-159.319,73.38,82,8,1.99
7,New Norfolk,AU,2021-10-03 16:54:52,-42.7826,147.0587,54.75,83,68,1.43
8,Mataura,NZ,2021-10-03 16:54:31,-46.1927,168.8643,44.47,93,100,6.22
9,Butaritari,KI,2021-10-03 16:55:06,3.0707,172.7902,82.62,65,96,15.08
10,Hermanus,ZA,2021-10-03 16:52:30,-34.4187,19.2345,58.89,70,47,9.73
11,College,US,2021-10-03 16:59:28,64.8569,-147.8028,34.59,96,90,0.0
12,Nova Gradiska,HR,2021-10-03 16:59:28,45.255,17.3831,69.03,57,1,2.33
13,Jamestown,US,2021-10-03 16:52:27,42.097,-79.2353,69.94,100,90,8.05
14,Hilo,US,2021-10-03 16:54:21,19.7297,-155.09,83.28,76,38,3.67
15,Pevek,RU,2021-10-03 16:59:29,69.7008,170.3133,22.33,90,98,9.35
16,Khatanga,RU,2021-10-03 16:54:48,71.9667,102.5,16.68,95,89,9.46
17,Limbang,MY,2021-10-03 16:59:30,4.75,115.0,77.31,95,98,2.08
18,Komsomolskiy,UZ,2021-10-03 16:59:30,40.4272,71.7189,58.42,77,75,2.3
19,Busselton,AU,2021-10-03 16:54:43,-33.65,115.3333,45.09,60,92,4.09
20,Jonesboro,US,2021-10-03 16:59:31,35.8423,-90.7043,79.03,73,5,8.99
21,Comodoro Rivadavia,AR,2021-10-03 16:59:31,-45.8667,-67.5,60.66,33,40,18.41
22,Vao,NC,2021-10-03 16:59:32,-22.6667,167.4833,71.73,89,1,3.58
23,Bembereke,BJ,2021-10-03 16:59:32,10.2283,2.6634,81.21,72,88,4.18
24,Ahipara,NZ,2021-10-03 16:54:38,-35.1667,173.1667,61.27,97,100,11.79
25,Tiksi,RU,2021-10-03 16:59:33,71.6872,128.8694,24.75,92,74,11.43
26,Ushuaia,AR,2021-10-03 16:52:16,-54.8,-68.3,51.46,43,75,17.27
27,Yarmouth,US,2021-10-03 16:59:34,41.7057,-70.2286,76.33,79,44,5.99
28,Sao Joao Da Barra,BR,2021-10-03 16:54:31,-21.6403,-41.0511,84.29,76,38,14.41
29,Thompson,CA,2021-10-03 16:54:48,55.7435,-97.8558,50.16,100,40,3.44
30,Arraial Do Cabo,BR,2021-10-03 16:59:35,-22.9661,-42.0278,82.36,88,75,18.41
31,Guerrero Negro,MX,2021-10-03 16:54:47,27.9769,-114.0611,79.99,53,55,3.27
32,Carbonia,IT,2021-10-03 16:59:35,39.1672,8.5222,76.01,67,42,8.41
33,Mar Del Plata,AR,2021-10-03 16:54:39,-38.0023,-57.5575,55.42,56,75,21.0
34,Lafia,NG,2021-10-03 16:59:36,8.4833,8.5167,83.5,72,38,2.46
35,Labrea,BR,2021-10-03 16:59:36,-7.2586,-64.7981,100.94,32,58,3.06
36,Rikitea,PF,2021-10-03 16:54:45,-23.1203,-134.9692,72.97,65,6,16.55
37,Cabo San Lucas,MX,2021-10-03 16:56:25,22.8909,-109.9124,88.52,64,98,1.86
38,Punta Arenas,CL,2021-10-03 16:54:40,-53.15,-70.9167,48.31,66,40,31.07
39,Talnakh,RU,2021-10-03 16:59:37,69.4865,88.3972,15.17,96,74,1.14
40,Qandala,SO,2021-10-03 16:59:38,11.472,49.8728,87.3,69,48,1.01
41,Abu Kamal,SY,2021-10-03 16:59:39,34.4506,40.9171,83.39,29,0,9.75
42,Vaini,TO,2021-10-03 16:54:47,-21.2,-175.2,74.03,79,97,21.16
43,Sindor,RU,2021-10-03 16:59:40,62.8629,51.8905,38.28,76,100,2.39
44,Dhidhdhoo,MV,2021-10-03 16:59:40,6.8833,73.1,81.88,79,21,14.74
45,Namatanai,PG,2021-10-03 16:59:41,-3.6667,152.4333,79.54,79,24,6.26
46,Mastic Beach,US,2021-10-03 16:59:41,40.7668,-72.8521,79.41,72,15,5.01
47,Torbay,CA,2021-10-03 16:59:42,47.6666,-52.7314,61.57,74,75,4.61
48,Mahajanga,MG,2021-10-03 16:59:42,-15.7167,46.3167,78.82,69,20,11.5
49,Cherskiy,RU,2021-10-03 16:59:43,68.75,161.3,17.53,97,99,4.12
50,Roebourne,AU,2021-10-03 16:59:43,-20.7833,117.1333,71.1,56,0,10.16
51,Tasiilaq,GL,2021-10-03 16:54:59,65.6145,-37.6368,31.8,53,0,7.54
52,Saint-Francois,FR,2021-10-03 16:54:53,46.4154,3.9054,55.47,96,90,1.14
53,East London,ZA,2021-10-03 16:55:08,-33.0153,27.9116,59.94,67,20,11.5
54,Saint-Philippe,RE,2021-10-03 16:54:31,-21.3585,55.7679,74.79,81,33,16.44
55,Aklavik,CA,2021-10-03 16:54:20,68.2191,-135.0107,34.63,100,90,16.11
56,Cape Town,ZA,2021-10-03 16:50:39,-33.9258,18.4232,60.1,49,20,16.11
57,Konotop,UA,2021-10-03 16:56:19,51.2403,33.2026,48.31,59,6,5.99
58,Upernavik,GL,2021-10-03 16:55:15,72.7868,-56.1549,33.49,61,100,2.42
59,Hobyo,SO,2021-10-03 16:59:45,5.3505,48.5268,79.29,84,44,20.65
60,Kahului,US,2021-10-03 16:59:46,20.8947,-156.47,78.84,83,2,5.01
61,Namibe,AO,2021-10-03 16:59:46,-15.1961,12.1522,63.55,76,5,8.48
62,Iqaluit,CA,2021-10-03 16:59:47,63.7506,-68.5145,38.93,75,75,3.44
63,Unai,BR,2021-10-03 16:59:47,-16.3575,-46.9061,97.36,23,33,3.31
64,Chuy,UY,2021-10-03 16:54:41,-33.6971,-53.4616,62.42,61,97,11.54
65,Totness,SR,2021-10-03 16:59:48,5.8833,-56.3167,85.51,67,100,8.77
66,Barrow,US,2021-10-03 16:59:48,71.2906,-156.7887,28.42,86,90,11.5
67,Nemuro,JP,2021-10-03 16:59:49,43.3236,145.575,61.2,81,25,30.96
68,Qaanaaq,GL,2021-10-03 16:54:27,77.484,-69.3632,31.89,97,100,9.22
69,Nelson Bay,AU,2021-10-03 16:55:05,-32.7167,152.15,64.69,82,60,8.88
70,Puerto Ayora,EC,2021-10-03 16:54:33,-0.7393,-90.3518,72.55,77,53,11.34
71,Eidsvag,NO,2021-10-03 16:59:49,62.7767,8.0668,57.25,94,95,3.2
72,Sorland,NO,2021-10-03 16:59:50,67.667,12.6934,53.46,82,100,29.84
73,Aberdeen,GB,2021-10-03 16:56:59,57.1437,-2.0981,54.09,71,64,13.8
74,Clyde River,CA,2021-10-03 16:55:03,70.4692,-68.5914,39.43,87,90,5.75
75,Luwuk,ID,2021-10-03 16:59:51,-0.9516,122.7875,76.44,82,87,4.68
76,Severo-Kurilsk,RU,2021-10-03 16:59:51,50.6789,156.125,47.57,85,69,40.11
77,Chengzihe,CN,2021-10-03 16:59:52,45.3333,131.0667,47.5,83,79,4.03
78,Zhangjiakou,CN,2021-10-03 16:59:52,40.81,114.8794,52.36,43,86,9.8
79,Asau,RO,2021-10-03 16:59:52,46.4333,26.4,52.39,80,60,1.39
80,Albany,US,2021-10-03 16:55:14,42.6001,-73.9662,67.32,86,100,0.81
81,Yellowknife,CA,2021-10-03 16:54:25,62.456,-114.3525,49.41,56,40,9.22
82,Le Port,RE,2021-10-03 16:59:53,-20.9373,55.2919,75.2,77,19,6.13
83,Hamilton,US,2021-10-03 16:52:57,39.1834,-84.5333,71.98,92,90,1.01
84,Toribio,CO,2021-10-03 16:59:54,2.9548,-76.2684,73.8,65,31,4.25
85,Puerto Ayacucho,VE,2021-10-03 16:59:54,5.6639,-67.6236,90.54,57,80,2.75
86,Los Llanos De Aridane,ES,2021-10-03 16:59:55,28.6585,-17.9182,73.15,69,20,12.66
87,Cayenne,GF,2021-10-03 16:59:55,4.9333,-52.3333,91.44,72,40,5.99
88,Te Anau,NZ,2021-10-03 16:59:56,-45.4167,167.7167,45.79,98,100,4.12
89,Fecamp,FR,2021-10-03 16:59:56,49.7579,0.3746,61.68,72,26,19.26
90,Clinton,US,2021-10-03 16:59:57,42.587,-82.9199,73.08,97,90,0.0
91,La Paz,BO,2021-10-03 16:59:57,-16.5,-68.15,64.38,25,20,8.05
92,Bredasdorp,ZA,2021-10-03 16:54:37,-34.5322,20.0403,56.52,67,50,9.22
93,Santa Barbara,US,2021-10-03 16:59:58,34.7333,-120.0343,85.33,8,0,0.49
94,Nanortalik,GL,2021-10-03 16:59:58,60.1432,-45.2371,40.91,71,0,3.87
95,Bengkulu,ID,2021-10-03 16:54:56,-3.8004,102.2655,76.08,91,86,5.3
96,Fairbanks,US,2021-10-03 16:58:57,64.8378,-147.7164,34.61,95,90,0.0
97,Emba,KZ,2021-10-03 16:59:59,48.8264,58.1442,47.77,65,61,7.72
98,Kavieng,PG,2021-10-03 17:00:00,-2.5744,150.7967,81.03,75,20,5.53
99,Opaka,BG,2021-10-03 17:00:00,43.45,26.1667,58.68,49,1,6.04
100,Sept-Iles,CA,2021-10-03 17:00:01,50.2001,-66.3821,46.45,80,100,6.98
101,Mareeba,AU,2021-10-03 17:00:16,-17.0,145.4333,69.44,95,75,1.45
102,Bluff,NZ,2021-10-03 16:54:42,-46.6,168.3333,44.8,85,100,21.97
103,Ventspils,LV,2021-10-03 17:00:18,57.3894,21.5606,58.93,82,0,10.36
104,Renfrew,GB,2021-10-03 17:00:19,55.872,-4.3925,55.63,80,20,17.27
105,Port Lincoln,AU,2021-10-03 16:54:56,-34.7333,135.8667,53.38,60,6,24.16
106,Kirakira,SB,2021-10-03 17:00:19,-10.4544,161.9205,79.05,85,86,0.58
107,Hithadhoo,MV,2021-10-03 16:54:34,-0.6,73.0833,83.79,74,77,15.3
108,Matamoros,MX,2021-10-03 17:00:20,25.5333,-103.25,75.11,58,99,1.01
109,Daru,PG,2021-10-03 17:00:21,-9.0763,143.2092,75.63,92,82,3.89
110,Ribeira Grande,PT,2021-10-03 16:55:00,38.5167,-28.7,75.6,78,20,12.66
111,Grindavik,IS,2021-10-03 16:54:36,63.8424,-22.4338,48.15,81,75,23.02
112,Kudahuvadhoo,MV,2021-10-03 16:55:03,2.6708,72.8944,83.16,76,6,15.95
113,Lebu,CL,2021-10-03 16:54:33,-37.6167,-73.65,53.15,67,26,22.06
114,Kodiak,US,2021-10-03 16:56:05,57.79,-152.4072,34.95,70,11,10.29
115,Saint George,US,2021-10-03 16:55:15,37.1041,-113.5841,84.67,21,1,1.99
116,Avera,US,2021-10-03 17:00:22,33.194,-82.5271,84.43,44,63,2.39
117,Narsaq,GL,2021-10-03 16:49:55,60.9167,-46.05,48.42,46,1,4.9
118,Quelimane,MZ,2021-10-03 17:00:23,-17.8786,36.8883,79.45,72,0,12.44
119,Dikson,RU,2021-10-03 17:00:24,73.5069,80.5464,34.63,98,100,23.15
120,Port Elizabeth,ZA,2021-10-03 16:54:41,-33.918,25.5701,58.1,67,20,13.8
121,Kulhudhuffushi,MV,2021-10-03 17:00:24,6.6221,73.07,81.91,78,9,15.39
122,Eydhafushi,MV,2021-10-03 17:00:25,5.1033,73.0708,82.2,78,8,15.93
123,Atar,MR,2021-10-03 17:00:25,20.5169,-13.0499,105.24,4,22,9.91
124,Brae,GB,2021-10-03 17:00:26,60.3964,-1.353,51.71,90,72,34.81
125,Candido Mendes,BR,2021-10-03 17:00:26,-1.4467,-45.7167,88.2,54,52,9.62
126,Armizonskoye,RU,2021-10-03 17:00:26,55.9461,67.6736,31.44,85,98,10.89
127,Abhar,IR,2021-10-03 17:00:27,36.1468,49.218,58.75,66,0,4.18
128,Karpathos,GR,2021-10-03 17:00:28,35.507,27.2132,69.76,64,20,25.32
129,Nikolskoye,RU,2021-10-03 16:54:27,59.7035,30.7861,52.88,83,2,7.4
130,Norman Wells,CA,2021-10-03 16:50:24,65.282,-126.8329,35.64,93,90,16.11
131,Mahebourg,MU,2021-10-03 17:00:29,-20.4081,57.7,72.25,78,22,17.76
132,Walvis Bay,NA,2021-10-03 16:57:30,-22.9575,14.5053,63.55,55,0,10.36
133,Padang,ID,2021-10-03 17:00:29,-0.9492,100.3543,78.22,87,98,2.62
134,Wapi Pathum,TH,2021-10-03 17:00:30,15.8452,103.3768,80.33,79,96,2.68
135,Rio Gallegos,AR,2021-10-03 16:51:31,-51.6226,-69.2181,59.05,26,40,26.46
136,Shakawe,BW,2021-10-03 17:00:31,-18.3667,21.85,80.26,10,2,5.17
137,Rudbar,AF,2021-10-03 17:00:32,30.15,62.6,70.59,22,6,15.75
138,Sao Filipe,CV,2021-10-03 16:54:58,14.8961,-24.4956,79.95,77,66,6.71
139,Kruisfontein,ZA,2021-10-03 17:00:32,-34.0033,24.7314,55.89,70,32,9.86
140,Hobart,AU,2021-10-03 16:55:12,-42.8794,147.3294,55.11,97,90,0.0
141,Nantucket,US,2021-10-03 16:57:51,41.2835,-70.0995,73.74,74,75,14.97
142,Fort-Shevchenko,KZ,2021-10-03 17:00:33,44.5086,50.263,60.4,40,100,19.66
143,Gizo,SB,2021-10-03 17:00:34,-8.103,156.8419,81.73,77,80,6.71
144,Codrington,AU,2021-10-03 16:54:37,-38.2667,141.9667,48.45,92,63,14.41
145,Yambio,SS,2021-10-03 17:00:26,4.5721,28.3955,69.49,91,85,4.47
146,Ongandjera,NA,2021-10-03 17:00:35,-17.8833,15.0667,81.63,11,1,11.65
147,Taoudenni,ML,2021-10-03 17:00:35,22.6783,-3.9836,106.75,6,53,5.84
148,Rocha,UY,2021-10-03 17:00:36,-34.4833,-54.3333,59.07,52,79,15.14
149,Sam Chuk,TH,2021-10-03 17:00:36,14.7576,100.0899,77.29,91,100,3.71
150,Hede,CN,2021-10-03 17:00:37,33.7681,120.2517,72.37,82,56,13.15
151,Malakal,SS,2021-10-03 17:00:37,9.5334,31.6605,74.55,81,63,2.91
152,Cidreira,BR,2021-10-03 16:54:34,-30.1811,-50.2056,65.7,89,100,11.01
153,Stornoway,GB,2021-10-03 17:00:38,58.2093,-6.3865,53.92,87,75,13.8
154,Okhotsk,RU,2021-10-03 17:00:38,59.3833,143.3,32.79,74,4,20.89
155,Victoria,HK,2021-10-03 16:50:23,22.2855,114.1577,85.32,78,52,1.01
156,Ostrovnoy,RU,2021-10-03 17:00:39,68.0531,39.5131,46.02,86,48,18.97
157,Kribi,CM,2021-10-03 17:00:39,2.95,9.9167,78.82,83,45,7.43
158,Castro,BR,2021-10-03 17:00:40,-24.7911,-50.0119,64.85,95,100,7.94
159,Saskylakh,RU,2021-10-03 17:00:40,71.9167,114.0833,13.77,94,59,8.37
160,Honiara,SB,2021-10-03 16:54:28,-9.4333,159.95,77.34,89,31,2.89
161,Sola,VU,2021-10-03 16:55:07,-13.8833,167.55,79.21,78,39,5.1
162,Pudozh,RU,2021-10-03 17:00:41,61.8099,36.5345,43.9,94,58,4.94
163,Saldanha,ZA,2021-10-03 17:00:41,-33.0117,17.9442,56.89,74,2,20.89
164,Isangel,VU,2021-10-03 17:00:42,-19.55,169.2667,74.32,90,22,5.5
165,Bage,BR,2021-10-03 17:00:42,-31.3314,-54.1069,62.82,74,94,10.65
166,Airai,TL,2021-10-03 16:54:23,-8.9266,125.4092,59.58,83,54,1.16
167,Ponta Do Sol,PT,2021-10-03 16:54:55,32.6667,-17.1,78.71,71,56,2.64
168,Bethel,US,2021-10-03 16:54:29,41.3712,-73.414,76.93,71,51,4.05
169,Touros,BR,2021-10-03 16:54:40,-5.1989,-35.4608,86.9,61,36,18.81
170,Sompeta,IN,2021-10-03 17:00:44,18.9333,84.6,80.8,84,17,8.32
171,Seoul,KR,2021-10-03 16:56:13,37.5683,126.9778,71.04,88,0,4.61
172,Naberera,TZ,2021-10-03 17:00:44,-4.2,36.9333,73.35,35,62,11.43
173,Tara,RU,2021-10-03 17:00:45,56.8944,74.371,29.66,96,99,4.83
174,Loukhi,RU,2021-10-03 17:00:45,66.0764,33.0381,45.32,85,8,8.21
175,Finca Blanco,PA,2021-10-03 17:00:46,8.3833,-82.8667,88.84,71,73,4.47
176,Sao Felix Do Xingu,BR,2021-10-03 17:00:46,-6.6447,-51.995,94.55,37,97,5.66
177,Sri Aman,MY,2021-10-03 17:00:47,1.2376,111.4621,73.99,97,100,1.57
178,Portland,US,2021-10-03 16:59:48,45.5234,-122.6762,61.38,77,49,1.99
179,Kuching,MY,2021-10-03 17:00:48,1.55,110.3333,77.22,88,20,3.44
180,Cervo,ES,2021-10-03 17:00:48,43.6702,-7.4101,63.19,67,8,14.12
181,Maloy,NO,2021-10-03 17:00:48,61.9353,5.1136,57.04,63,100,3.0
182,Moree,AU,2021-10-03 17:00:49,-29.4667,149.85,60.33,51,4,7.2
183,Soyo,AO,2021-10-03 17:00:49,-6.1349,12.3689,76.01,79,34,9.75
184,Kanchanaburi,TH,2021-10-03 17:00:50,14.6333,99.1,75.45,92,91,2.95
185,Maldonado,UY,2021-10-03 17:00:50,-34.6667,-54.9167,55.22,54,47,15.61
186,Texarkana,US,2021-10-03 17:00:50,33.4251,-94.0477,84.74,61,11,3.0
187,Srednekolymsk,RU,2021-10-03 17:00:51,67.45,153.6833,23.61,94,99,2.66
188,Shubarshi,KZ,2021-10-03 17:00:51,48.5872,57.1869,51.85,58,88,6.73
189,Geraldton,AU,2021-10-03 16:54:28,-28.7667,114.6,46.81,93,0,3.44
190,Kaspiyskiy,RU,2021-10-03 17:00:52,45.3929,47.3707,57.2,54,100,21.47
191,Houma,US,2021-10-03 17:00:53,29.5958,-90.7195,86.0,76,100,5.41
192,Yoichi,JP,2021-10-03 17:00:53,43.2039,140.7703,65.23,73,95,17.56
193,Provideniya,RU,2021-10-03 16:54:26,64.3833,-173.3,26.26,76,90,2.13
194,Megion,RU,2021-10-03 17:00:54,61.0296,76.1136,33.82,88,95,7.38
195,Bonavista,CA,2021-10-03 17:00:55,48.6499,-53.1147,61.12,88,93,8.72
196,Tocopilla,CL,2021-10-03 17:00:21,-22.092,-70.1979,66.36,65,15,8.48
197,Leningradskiy,RU,2021-10-03 16:54:23,69.3833,178.4167,15.24,84,76,4.9
198,Kaitangata,NZ,2021-10-03 17:00:55,-46.2817,169.8464,49.93,82,100,12.82
199,Atuona,PF,2021-10-03 16:55:02,-9.8,-139.0333,77.47,72,70,17.45
200,Whitianga,NZ,2021-10-03 17:00:56,-36.8333,175.7,60.03,99,100,10.67
201,Katobu,ID,2021-10-03 17:00:57,-4.9408,122.5276,74.23,92,19,1.81
202,Husavik,IS,2021-10-03 16:50:14,66.0449,-17.3389,46.31,92,96,13.85
203,Banjar,ID,2021-10-03 17:00:57,-8.19,114.9675,78.66,89,47,7.07
204,Karratha,AU,2021-10-03 17:00:58,-20.7377,116.8463,71.53,62,0,12.41
205,Mount Isa,AU,2021-10-03 17:00:58,-20.7333,139.5,78.57,22,7,4.61
206,Ashford,GB,2021-10-03 17:00:21,51.1459,0.8728,59.04,81,14,7.0
207,Maniitsoq,GL,2021-10-03 16:54:54,65.4167,-52.9,39.83,68,32,4.16
208,Sukumo,JP,2021-10-03 17:00:59,32.9333,132.7333,66.36,87,0,5.79
209,Hasaki,JP,2021-10-03 16:50:17,35.7333,140.8333,63.28,82,0,6.24
210,Port Macquarie,AU,2021-10-03 17:01:00,-31.4333,152.9167,56.37,71,45,6.82
211,Shieli,KZ,2021-10-03 17:01:00,44.1667,66.75,50.5,44,1,6.46
212,Archidona,ES,2021-10-03 17:01:01,37.0965,-4.3887,70.36,90,100,8.84
213,Casper,US,2021-10-03 17:01:01,42.8666,-106.3131,69.51,28,18,11.01
214,Mount Gambier,AU,2021-10-03 17:01:02,-37.8333,140.7667,50.41,92,41,9.66
215,Bambous Virieux,MU,2021-10-03 17:01:03,-20.3428,57.7575,72.21,78,22,17.56
216,Taltal,CL,2021-10-03 17:01:04,-25.4,-70.4833,64.78,63,4,9.17
217,Karasjok,NO,2021-10-03 17:01:04,69.4719,25.5112,50.11,69,100,27.45
218,Pemberton,CA,2021-10-03 17:01:05,50.3164,-122.8027,53.82,84,93,5.91
219,Olavarria,AR,2021-10-03 17:01:05,-36.8927,-60.3225,57.02,40,2,13.96
220,Popondetta,PG,2021-10-03 17:01:06,-8.7537,148.2534,72.57,98,97,3.33
221,Bosaso,SO,2021-10-03 17:01:06,11.2842,49.1816,88.36,64,89,1.45
222,Nishihara,JP,2021-10-03 17:01:07,26.1842,127.7558,81.68,65,20,9.22
223,Tual,ID,2021-10-03 17:01:07,-5.6667,132.75,80.94,66,100,6.29
224,Salta,AR,2021-10-03 16:59:12,-24.7859,-65.4117,55.99,68,90,4.0
225,Sao Gabriel,BR,2021-10-03 17:01:08,-30.3364,-54.32,68.97,68,99,11.95
226,Chokurdakh,RU,2021-10-03 16:54:46,70.6333,147.9167,21.85,96,100,9.35
227,Caravelas,BR,2021-10-03 17:01:09,-17.7125,-39.2481,83.73,62,3,13.71
228,Hecun,CN,2021-10-03 17:01:09,36.5333,114.1111,67.59,98,100,6.13
229,Khilok,RU,2021-10-03 17:01:09,51.3674,110.4676,32.45,95,100,4.68
230,Oron,NG,2021-10-03 17:01:10,4.8256,8.2343,78.46,86,100,6.76
231,Manokwari,ID,2021-10-03 17:01:11,-0.8667,134.0833,78.87,76,90,2.82
232,Coquimbo,CL,2021-10-03 17:01:11,-29.9533,-71.3436,61.57,61,0,11.3
233,Basi,IN,2021-10-03 17:01:12,26.8333,76.0333,82.74,63,97,6.89
234,Poum,NC,2021-10-03 17:01:12,-20.2333,164.0167,74.64,86,50,16.2
235,Lorengau,PG,2021-10-03 17:01:13,-2.0226,147.2712,79.18,80,5,3.51
236,Fukue,JP,2021-10-03 17:01:13,32.6881,128.8419,77.14,74,1,19.44
237,Hambantota,LK,2021-10-03 17:04:26,6.1241,81.1185,80.85,80,11,13.91
238,Ketchikan,US,2021-10-03 16:57:28,55.3422,-131.6461,44.22,79,96,7.63
239,Birao,CF,2021-10-03 17:01:14,10.2849,22.7882,81.03,59,42,1.74
240,Deogarh,IN,2021-10-03 17:01:14,21.5333,84.7333,76.69,90,58,0.56
241,Kontagora,NG,2021-10-03 17:01:15,10.3999,5.4695,79.03,76,70,4.92
242,Syamzha,RU,2021-10-03 17:01:15,60.0158,41.0614,41.83,86,100,2.77
243,Camopi,GF,2021-10-03 17:01:16,3.1655,-52.3158,95.11,33,25,4.38
244,Tuktoyaktuk,CA,2021-10-03 16:54:50,69.4541,-133.0374,33.8,100,90,17.27
245,Rawson,AR,2021-10-03 17:01:16,-43.3002,-65.1023,58.82,33,3,11.36
246,Meulaboh,ID,2021-10-03 17:01:17,4.1363,96.1285,76.15,83,3,4.0
247,Bambanglipuro,ID,2021-10-03 16:59:29,-7.95,110.2833,58.6,81,37,3.85
248,Beachwood,US,2021-10-03 16:57:09,41.4645,-81.5087,70.93,93,90,4.0
249,Quepos,CR,2021-10-03 17:01:18,9.4236,-84.1652,96.53,72,91,5.14
250,Merauke,ID,2021-10-03 17:01:18,-8.4667,140.3333,76.15,88,97,3.47
251,Luderitz,NA,2021-10-03 17:04:17,-26.6481,15.1594,63.95,46,0,28.77
252,Aksu,CN,2021-10-03 17:01:19,41.1231,80.2644,53.89,53,77,9.22
253,Sung Noen,TH,2021-10-03 17:01:19,14.8992,101.8207,76.08,87,100,2.1
254,Bilma,NE,2021-10-03 17:01:20,18.6853,12.9164,92.35,15,1,6.62
255,Predivinsk,RU,2021-10-03 17:01:20,57.0669,93.4378,29.28,91,33,1.61
256,Bathsheba,BB,2021-10-03 17:01:08,13.2167,-59.5167,85.01,69,57,19.93
257,Analipsis,GR,2021-10-03 17:01:21,35.3167,25.5667,70.11,73,36,16.08
258,Moranbah,AU,2021-10-03 17:01:21,-22.0016,148.0466,69.13,84,0,11.16
259,Georgetown,MY,2021-10-03 17:01:00,5.4112,100.3354,82.89,81,20,0.0
260,Morgan City,US,2021-10-03 17:01:22,29.6994,-91.2068,86.0,89,75,3.44
261,Kaohsiung,TW,2021-10-03 17:00:19,22.6163,120.3133,83.03,86,1,1.01
262,Ritchie,ZA,2021-10-03 17:01:22,-29.038,24.6028,63.52,14,0,7.76
263,Bolotnoye,RU,2021-10-03 17:01:23,55.6717,84.3981,32.99,98,100,7.92
264,Takahagi,JP,2021-10-03 17:01:24,36.7167,140.7167,69.3,80,0,5.57
265,Olinda,BR,2021-10-03 17:01:24,-8.0089,-34.8553,81.36,65,26,11.68
266,Aranda De Duero,ES,2021-10-03 17:01:25,41.6704,-3.6892,54.41,64,43,15.97
267,Kalabo,ZM,2021-10-03 17:01:25,-14.97,22.6814,79.93,44,99,4.07
268,Tromso,NO,2021-10-03 17:01:25,69.6496,18.957,56.05,47,40,6.91
269,Chicama,PE,2021-10-03 17:01:26,-7.8447,-79.1469,74.05,58,48,10.8
270,Ilulissat,GL,2021-10-03 17:01:27,69.2167,-51.1,30.22,59,83,5.75
271,Florianopolis,BR,2021-10-03 16:58:49,-27.6146,-48.5012,74.55,81,75,1.99
272,Liwale,TZ,2021-10-03 17:01:27,-9.7667,37.9333,76.8,49,59,10.8
273,Dunedin,NZ,2021-10-03 17:01:28,-45.8742,170.5036,47.35,92,100,11.65
274,Owensboro,US,2021-10-03 16:59:28,37.7742,-87.1133,78.78,85,100,9.26
275,Carutapera,BR,2021-10-03 17:01:28,-1.195,-46.02,89.04,52,54,12.77
276,Khor,RU,2021-10-03 17:01:29,47.8861,134.9464,42.42,92,99,6.35
277,Auki,SB,2021-10-03 17:01:29,-8.7676,160.7034,76.44,88,31,2.15
278,Kerman,IR,2021-10-03 17:01:30,30.2832,57.0788,72.37,21,4,5.06
279,Pangoa,PE,2021-10-03 17:01:30,-12.1167,-73.0,82.09,69,80,1.23
280,Yankton,US,2021-10-03 17:01:31,42.8711,-97.3973,70.05,46,1,3.44
281,Huarmey,PE,2021-10-03 17:01:31,-10.0681,-78.1522,68.31,73,85,10.8
282,Tuatapere,NZ,2021-10-03 17:01:32,-46.1333,167.6833,44.82,94,100,3.91
283,Vanavara,RU,2021-10-03 17:01:32,60.34,102.2797,33.84,91,100,4.56
284,Chingirlau,KZ,2021-10-03 17:01:33,51.095,54.0814,50.58,63,100,5.44
285,Batemans Bay,AU,2021-10-03 17:00:12,-35.7167,150.1833,55.9,93,34,5.68
286,Uige,AO,2021-10-03 17:01:33,-7.6087,15.0613,78.62,52,68,3.02
287,Bandarbeyla,SO,2021-10-03 17:01:34,9.4942,50.8122,79.07,83,53,21.63
288,Kouroussa,GN,2021-10-03 17:01:34,10.65,-9.8833,85.96,68,49,0.81
289,Flin Flon,CA,2021-10-03 17:01:34,54.7682,-101.865,60.84,37,75,9.06
290,Yulara,AU,2021-10-03 17:01:35,-25.2406,130.9889,57.22,31,0,8.59
291,Mabaruma,GY,2021-10-03 17:01:35,8.2,-59.7833,79.84,88,100,4.03
292,Suhbaatar,MN,2021-10-03 17:01:11,50.2314,106.2078,33.6,89,58,4.27
293,Pathein,MM,2021-10-03 17:01:36,16.7833,94.7333,78.13,90,100,3.24
294,Wattegama,LK,2021-10-03 17:01:36,6.7989,81.4808,77.23,87,99,3.69
295,Henties Bay,NA,2021-10-03 17:01:37,-22.116,14.2845,57.85,84,3,7.14
296,West Bay,KY,2021-10-03 17:01:37,19.3667,-81.4167,89.06,74,16,3.0
297,Vestmannaeyjar,IS,2021-10-03 17:01:38,63.4427,-20.2734,48.15,73,17,1.05
298,La Ronge,CA,2021-10-03 17:01:38,55.1001,-105.2842,55.63,47,96,6.31
299,Tuy Hoa,VN,2021-10-03 17:00:55,13.0833,109.3,77.72,89,100,5.53
300,Atasu,KZ,2021-10-03 17:01:39,48.6814,71.6433,43.56,87,100,14.54
301,Chapleau,CA,2021-10-03 17:01:40,47.8405,-83.4034,51.46,97,100,6.78
302,Ozark,US,2021-10-03 17:01:40,37.0209,-93.206,70.75,87,87,1.01
303,Alta Floresta,BR,2021-10-03 17:00:17,-9.8756,-56.0861,96.84,33,52,2.73
304,Novyy Urengoy,RU,2021-10-03 17:01:41,66.0833,76.6333,31.59,72,55,8.86
305,Sikasso,ML,2021-10-03 17:01:41,10.9167,-7.0,88.52,57,63,1.01
306,Lasa,IT,2021-10-03 17:01:42,46.6166,10.7002,59.74,96,92,5.86
307,Castelo Do Piaui,BR,2021-10-03 17:01:42,-5.3222,-41.5525,101.71,14,28,8.86
308,Beian,NO,2021-10-03 17:01:42,63.6559,9.5683,64.56,63,75,19.57
309,Ferme-Neuve,CA,2021-10-03 17:01:43,46.7001,-75.4493,61.27,56,14,4.03
310,Macae,BR,2021-10-03 17:01:43,-22.3708,-41.7869,82.8,68,56,12.8
311,Nizwa,OM,2021-10-03 17:01:44,22.9333,57.5333,81.99,61,100,21.5
312,Moussoro,TD,2021-10-03 16:54:51,13.6408,16.4901,97.48,16,63,7.2
313,Unity,CA,2021-10-03 17:01:44,52.4501,-109.1682,58.24,25,8,6.44
314,Sibolga,ID,2021-10-03 17:01:45,1.7427,98.7792,77.59,79,94,2.98
315,Constitucion,CL,2021-10-03 17:01:45,-35.3333,-72.4167,58.77,50,0,18.86
316,Pollachi,IN,2021-10-03 17:01:46,10.6667,77.0167,79.84,93,59,7.16
317,Sosnovo-Ozerskoye,RU,2021-10-03 17:01:46,52.5249,111.5418,29.95,83,70,5.46
318,Adrar,MR,2021-10-03 17:01:47,20.5022,-10.0711,101.95,8,9,3.2
319,Brindisi,IT,2021-10-03 17:01:47,40.5833,17.6667,71.96,70,42,9.04
320,Lagoa,PT,2021-10-03 17:01:48,39.05,-27.9833,70.95,90,98,11.21
321,Sandy Bay,AU,2021-10-03 17:01:48,-42.913,147.3532,55.15,97,90,0.0
322,Roald,NO,2021-10-03 17:01:48,62.5833,6.1333,57.25,58,100,1.14
323,Saint-Pierre,RE,2021-10-03 17:01:49,-21.3393,55.4781,74.88,73,75,4.61
324,Conyers,US,2021-10-03 16:58:56,33.6676,-84.0177,79.56,79,75,0.0
325,Ajdabiya,LY,2021-10-03 17:01:50,30.7554,20.2263,75.07,52,0,10.25
326,Masumbwe,TZ,2021-10-03 17:01:50,-3.6333,32.1833,75.94,52,98,6.6
327,Palmer,US,2021-10-03 17:01:35,42.1584,-72.3287,73.69,65,71,0.29
328,Gat,IL,2021-10-03 16:57:02,31.61,34.7642,77.68,68,40,8.68
329,Chimore,BO,2021-10-03 17:01:51,-16.9833,-65.1333,95.83,37,66,6.08
330,Barmer,IN,2021-10-03 17:01:51,25.75,71.3833,86.52,58,6,14.76
331,Urengoy,RU,2021-10-03 17:01:52,65.9667,78.3667,26.83,85,30,7.31
332,Kilindoni,TZ,2021-10-03 17:01:52,-7.9139,39.6668,77.2,72,56,11.9
333,Opuwo,NA,2021-10-03 17:01:53,-18.0607,13.84,79.18,11,2,16.58
334,Carnarvon,AU,2021-10-03 16:55:06,-24.8667,113.6333,64.47,77,1,16.11
335,Vila Velha,BR,2021-10-03 17:01:53,-20.3297,-40.2925,85.95,54,75,18.41
336,Saint-Joseph,RE,2021-10-03 17:01:54,-21.3667,55.6167,73.78,78,26,12.37
337,Mercedes,AR,2021-10-03 17:01:54,-34.6515,-59.4307,61.86,37,0,13.58
338,Salinopolis,BR,2021-10-03 17:01:55,-0.6136,-47.3561,85.93,62,34,14.03
339,Beisfjord,NO,2021-10-03 17:01:55,68.3751,17.5988,55.45,89,98,9.75
340,Tabuk,PH,2021-10-03 17:01:56,17.4189,121.4443,74.48,94,95,2.1
341,Ayagoz,KZ,2021-10-03 17:01:56,47.9714,80.4392,39.67,58,100,6.33
342,Ishinomaki,JP,2021-10-03 17:01:56,38.4167,141.3,65.3,89,2,8.5
343,Necochea,AR,2021-10-03 17:01:57,-38.5473,-58.7368,53.04,55,6,23.42
344,Sitka,US,2021-10-03 17:01:57,57.0531,-135.33,42.15,86,97,5.19
345,Visby,SE,2021-10-03 17:01:58,57.6409,18.296,59.86,77,0,20.71
346,Tazmalt,DZ,2021-10-03 17:01:58,36.3868,4.3989,84.56,30,1,6.2
347,Cody,US,2021-10-03 17:01:59,44.5263,-109.0565,69.26,22,35,14.0
348,Dingle,PH,2021-10-03 17:01:59,10.9995,122.6711,75.74,95,100,5.64
349,Palora,EC,2021-10-03 17:02:00,-1.7,-77.9333,78.87,69,69,3.0
350,Buin,CL,2021-10-03 17:02:00,-33.7333,-70.75,72.05,29,0,4.63
351,Nome,US,2021-10-03 16:57:58,64.5011,-165.4064,28.38,86,7,5.08
352,Zhangye,CN,2021-10-03 17:02:01,38.9342,100.4517,49.12,33,90,4.85
353,Myingyan,MM,2021-10-03 17:02:01,21.4667,95.3833,79.74,82,17,6.71
354,Sangmelima,CM,2021-10-03 17:02:02,2.9333,11.9833,70.45,95,89,1.72
355,Kambove,CD,2021-10-03 17:02:03,-10.8764,26.5969,67.28,78,74,3.8
356,Guiren,CN,2021-10-03 17:02:03,33.6697,118.1889,76.53,75,81,8.3
357,Port Blair,IN,2021-10-03 17:02:03,11.6667,92.75,80.31,83,55,6.24
358,Guantanamo,CU,2021-10-03 17:02:04,20.1444,-75.2092,83.46,49,40,7.52
359,Pischia,RO,2021-10-03 17:02:04,45.9031,21.3372,67.73,49,0,8.01
360,Pisco,PE,2021-10-03 17:02:05,-13.7,-76.2167,64.02,82,89,8.39
361,General Roca,AR,2021-10-03 17:02:05,-39.0333,-67.5833,63.66,17,0,10.85
362,Juegang,CN,2021-10-03 17:02:06,32.3174,121.1855,76.96,86,12,18.3
363,Alofi,NU,2021-10-03 17:02:06,-19.0595,-169.9187,76.32,78,94,25.68
364,Fortuna,US,2021-10-03 16:55:13,40.5982,-124.1573,52.14,49,53,3.83
365,Samarai,PG,2021-10-03 16:54:57,-10.6167,150.6667,79.68,83,97,4.54
366,Kenitra,MA,2021-10-03 17:02:07,34.261,-6.5802,74.16,69,87,10.94
367,Polunochnoye,RU,2021-10-03 17:02:07,60.8697,60.4153,31.32,77,100,3.2
368,Hun,LY,2021-10-03 17:02:08,29.1268,15.9477,84.18,26,0,8.5
369,Oum Hadjer,TD,2021-10-03 17:02:08,13.2954,19.6966,90.39,36,59,9.08
370,Nurlat,RU,2021-10-03 17:02:09,54.4277,50.8051,45.43,83,100,5.48
371,Evensk,RU,2021-10-03 17:02:10,61.95,159.2333,40.91,61,100,19.84
372,Peace River,CA,2021-10-03 16:58:59,56.2501,-117.286,46.71,49,20,19.57
373,Kenora,CA,2021-10-03 17:02:10,49.8167,-94.4337,56.37,88,75,3.44
374,Lufilufi,WS,2021-10-03 17:02:11,-13.8745,-171.5986,81.66,74,21,19.48
375,San Quintin,MX,2021-10-03 17:02:11,30.4833,-115.95,80.29,38,97,4.5
376,Esperance,AU,2021-10-03 17:02:12,-33.8667,121.9,51.55,67,10,7.67
377,Muros,ES,2021-10-03 17:02:12,42.7762,-9.0603,66.24,66,4,10.36
378,Garland,US,2021-10-03 17:00:21,32.9126,-96.6389,84.52,56,1,1.01
379,Baykit,RU,2021-10-03 17:02:13,61.67,96.37,35.31,92,99,1.43
380,Benguela,AO,2021-10-03 17:00:33,-12.5763,13.4055,73.09,76,20,6.91
381,Wakefield,GB,2021-10-03 17:02:14,53.6809,-1.499,57.88,65,5,12.26
382,Cap Malheureux,MU,2021-10-03 17:02:15,-19.9842,57.6142,72.46,75,9,5.99
383,Zlitan,LY,2021-10-03 17:02:15,32.4674,14.5687,78.42,60,0,12.37
384,Korla,CN,2021-10-03 17:02:15,41.7597,86.1469,52.47,30,20,4.72
385,San Patricio,US,2021-10-03 17:02:16,28.017,-97.5169,86.72,62,64,7.25
386,Vila Franca Do Campo,PT,2021-10-03 16:55:14,37.7167,-25.4333,76.19,72,90,3.58
387,Vilyuysk,RU,2021-10-03 17:02:16,63.7553,121.6247,26.94,75,21,3.29
388,Matucana,PE,2021-10-03 16:59:20,-11.85,-76.4,69.98,49,53,7.45
389,Ancud,CL,2021-10-03 17:02:17,-41.8697,-73.8203,49.64,67,56,11.65
390,Teguise,ES,2021-10-03 17:02:17,29.0605,-13.564,75.42,61,20,18.41
391,Buraydah,SA,2021-10-03 17:02:18,26.326,43.975,87.94,11,6,9.8
392,Dunmore East,IE,2021-10-03 17:02:19,52.1514,-6.9861,58.32,73,40,8.05
393,Egvekinot,RU,2021-10-03 17:02:19,66.3167,-179.1667,24.44,97,100,2.91
394,Paracuru,BR,2021-10-03 17:02:20,-3.41,-39.0306,82.11,59,15,17.54
395,Petropavlovsk-Kamchatskiy,RU,2021-10-03 17:02:20,53.0452,158.6483,45.73,84,100,17.49
396,Aparecida Do Taboado,BR,2021-10-03 17:00:45,-20.0867,-51.0936,98.64,25,45,11.5
397,Vangaindrano,MG,2021-10-03 17:02:21,-23.35,47.6,71.96,87,10,9.93
398,Damphu,BT,2021-10-03 17:02:21,27.0721,90.1096,65.59,96,48,3.36
399,Kovur,IN,2021-10-03 17:02:22,14.4833,79.9833,83.73,73,51,5.5
400,Young,UY,2021-10-03 17:02:22,-32.6833,-57.6333,62.22,48,80,13.71
401,Bereda,ES,2021-10-03 17:02:23,43.2686,-7.5406,61.41,65,48,4.61
402,Mathbaria,BD,2021-10-03 17:02:23,22.2876,89.9593,79.2,91,100,6.71
403,Marshfield,US,2021-10-03 16:57:35,44.6689,-90.1718,71.38,79,100,9.33
404,Salcioara,RO,2021-10-03 17:02:24,44.7167,25.5833,60.8,41,3,6.24
405,San Lorenzo,PY,2021-10-03 17:02:24,-25.3333,-57.5333,71.31,91,99,8.08
406,Sinnamary,GF,2021-10-03 17:01:14,5.3833,-52.95,85.82,66,11,7.29
407,Yataity,PY,2021-10-03 17:02:25,-26.3667,-56.0667,72.46,92,99,6.44
408,Harper,LR,2021-10-03 17:02:25,4.375,-7.7169,79.97,79,100,7.52
409,Rostusa,MK,2021-10-03 17:02:26,41.61,20.6,55.92,58,97,0.78
410,Port Hardy,CA,2021-10-03 17:02:26,50.6996,-127.4199,48.83,76,18,2.24
411,La Rioja,ES,2021-10-03 17:02:27,42.25,-2.5,52.48,87,100,5.48
412,Bunol,ES,2021-10-03 17:02:27,39.4167,-0.7833,75.9,60,73,17.49
413,Volosovo,RU,2021-10-03 17:02:28,59.4333,29.4833,50.65,78,11,9.15
414,Ojinaga,MX,2021-10-03 17:02:28,29.5667,-104.4167,84.58,50,1,5.75
415,Broome,US,2021-10-03 17:00:05,42.2506,-75.833,64.98,76,90,4.61
416,Ramnagar,IN,2021-10-03 17:02:29,29.4,79.1167,75.42,80,0,4.56
417,Nouadhibou,MR,2021-10-03 17:02:29,20.931,-17.0347,72.54,77,3,19.55
418,Port-Gentil,GA,2021-10-03 17:02:29,-0.7193,8.7815,77.76,85,99,15.75
419,Nhulunbuy,AU,2021-10-03 17:02:30,-12.2333,136.7667,75.81,94,100,5.75
420,Morondava,MG,2021-10-03 17:02:30,-20.2833,44.2833,77.74,79,2,14.56
421,Xingyi,CN,2021-10-03 17:02:31,24.1877,102.817,59.31,98,3,3.38
422,Kpandu,GH,2021-10-03 17:02:31,6.9954,0.2931,80.8,80,100,1.48
423,Aban,RU,2021-10-03 17:02:32,56.67,96.06,31.66,76,96,3.56
424,Pahrump,US,2021-10-03 16:59:03,36.2083,-115.9839,81.61,15,0,3.22
425,Tabou,CI,2021-10-03 17:02:32,4.423,-7.3528,79.93,80,100,7.47
426,Nowogard,PL,2021-10-03 17:02:33,53.6744,15.1163,64.65,59,0,16.11
427,Praya,CV,2021-10-03 17:02:33,14.9215,-23.5087,88.34,58,20,16.11
428,Erenhot,CN,2021-10-03 17:05:03,43.6475,111.9767,45.91,41,22,5.64
429,Sergeyevka,KZ,2021-10-03 17:02:34,53.88,67.4158,33.62,74,98,10.0
430,Kralendijk,BQ,2021-10-03 17:02:34,12.15,-68.2667,83.52,79,85,23.78
431,Malino,PH,2021-10-03 17:02:35,15.1257,120.6727,78.85,95,97,3.53
432,Povenets,RU,2021-10-03 17:02:35,62.8487,34.8262,45.97,91,37,8.3
433,Pangai,TO,2021-10-03 17:02:36,-19.8,-174.35,75.6,82,84,23.38
434,Beringovskiy,RU,2021-10-03 16:55:12,63.05,179.3167,37.96,99,100,1.1
435,Wukari,NG,2021-10-03 17:02:37,7.85,9.7833,84.15,65,59,1.3
436,Luxeuil-Les-Bains,FR,2021-10-03 17:01:49,47.8171,6.365,58.62,94,75,8.05
437,Tamiahua,MX,2021-10-03 17:02:37,21.2667,-97.45,84.0,70,15,8.72
438,Mantua,IT,2021-10-03 17:02:37,45.1667,10.7833,75.7,72,67,5.99
439,Masvingo,ZW,2021-10-03 17:02:38,-20.0637,30.8277,70.32,66,89,7.36
440,Bima,ID,2021-10-03 17:02:38,-8.4667,118.7167,75.11,84,33,4.97
441,Yumen,CN,2021-10-03 17:02:39,40.2833,97.2,44.47,34,98,10.36
442,Chitral,PK,2021-10-03 17:02:39,35.8462,71.7858,68.68,55,0,2.42
443,Svetlogorsk,BY,2021-10-03 17:02:40,52.6333,29.7333,49.06,69,76,7.27
444,Vila,PT,2021-10-03 17:02:40,42.0304,-8.1588,52.7,64,62,7.78
445,Charters Towers,AU,2021-10-03 17:02:41,-20.1,146.2667,68.61,96,5,7.58
446,Wad Rawah,SD,2021-10-03 17:02:41,15.1603,33.1397,96.78,14,78,9.28
447,Owase,JP,2021-10-03 17:02:42,34.0667,136.2,69.33,84,5,3.49
448,Itoman,JP,2021-10-03 17:02:42,26.1247,127.6694,82.42,65,20,9.22
449,Halmstad,SE,2021-10-03 17:02:42,56.6745,12.8568,61.02,80,75,12.66
450,Bolobo,CD,2021-10-03 17:02:43,-2.1667,16.2333,78.42,75,83,2.24
451,Bahia Blanca,AR,2021-10-03 17:02:43,-38.7196,-62.2724,63.68,23,2,11.63
452,Labuhan,ID,2021-10-03 17:02:44,-6.8844,112.2051,78.94,72,70,10.92
453,Eniwa,JP,2021-10-03 17:02:44,42.8779,141.5442,64.65,89,75,7.0
454,Muisne,EC,2021-10-03 17:02:45,0.6,-80.0333,78.06,76,93,12.03
455,Vavoua,CI,2021-10-03 17:02:45,7.3819,-6.4778,83.43,73,61,1.79
456,Viedma,AR,2021-10-03 17:02:46,-40.8135,-62.9967,61.21,29,1,16.13
457,Faanui,PF,2021-10-03 17:05:10,-16.4833,-151.75,78.33,73,24,9.89
458,Tilichiki,RU,2021-10-03 17:02:46,60.4667,166.1,37.62,95,100,16.53
459,Praia Da Vitoria,PT,2021-10-03 16:59:52,38.7333,-27.0667,76.75,88,40,9.17
460,Pangnirtung,CA,2021-10-03 17:02:47,66.1451,-65.7125,32.0,93,90,6.91
461,Marsh Harbour,BS,2021-10-03 16:55:16,26.5412,-77.0636,81.07,59,3,11.59
462,Aykhal,RU,2021-10-03 17:02:48,66.0,111.5,28.0,62,100,5.08
463,Katsuura,JP,2021-10-03 17:05:11,35.1333,140.3,70.11,80,2,7.45
464,Najran,SA,2021-10-03 17:02:48,17.4924,44.1277,81.1,29,82,5.03
465,Jojoima,SL,2021-10-03 17:02:49,7.8792,-10.7878,78.21,85,97,1.63
466,Wageningen,NL,2021-10-03 17:02:49,51.9667,5.6667,55.09,92,90,8.05
467,Carmen,MX,2021-10-03 17:02:50,18.6333,-91.8333,86.04,70,40,5.75
468,Cairns,AU,2021-10-03 17:00:42,-16.9167,145.7667,74.07,96,94,0.0
469,Key Largo,US,2021-10-03 17:00:00,25.0865,-80.4473,88.02,70,68,17.11
470,Wakkanai,JP,2021-10-03 17:02:51,45.4094,141.6739,64.33,87,98,34.0
471,Husi,RO,2021-10-03 17:02:51,46.6736,28.0594,55.45,48,55,3.24
472,Byron Bay,AU,2021-10-03 16:57:59,-28.65,153.6167,61.88,55,2,5.48
473,Qaqortoq,GL,2021-10-03 17:02:52,60.7167,-46.0333,50.5,50,2,7.87
474,Saint-Denis,FR,2021-10-03 17:00:21,48.9167,2.3333,59.68,78,0,1.01
475,Praia,CV,2021-10-03 17:02:52,14.9215,-23.5087,88.34,58,20,16.11
476,Tanda,IN,2021-10-03 17:02:53,26.55,82.65,80.89,80,77,5.91
477,Springfield,US,2021-10-03 16:59:22,37.2153,-93.2982,69.89,88,90,1.01
478,Aldan,RU,2021-10-03 17:02:53,58.6031,125.3894,19.98,94,59,3.29
479,Muli,MV,2021-10-03 17:02:54,2.9167,73.5667,83.01,76,7,16.46
480,Taiobeiras,BR,2021-10-03 17:02:54,-15.8078,-42.2331,95.22,15,3,7.92
481,Ekuvukeni,ZA,2021-10-03 17:02:55,-28.4675,30.1551,53.15,73,100,6.46
482,San Francisco,US,2021-10-03 17:01:25,37.7749,-122.4194,81.52,66,20,3.0
483,Pitsunda,GE,2021-10-03 17:02:55,43.1592,40.3378,59.18,94,100,7.09
484,Olafsvik,IS,2021-10-03 17:02:56,64.8945,-23.7142,41.97,90,100,32.17
485,Gobabis,NA,2021-10-03 17:02:56,-22.45,18.9667,69.06,9,0,11.07
486,Lukaya,UG,2021-10-03 17:02:57,-0.1489,31.8748,75.25,82,96,3.24
487,Lerwick,GB,2021-10-03 16:59:50,60.1545,-1.1494,51.8,91,54,38.95
488,Krasnovishersk,RU,2021-10-03 17:02:58,60.4078,57.082,31.23,83,31,3.09
489,Saquena,PE,2021-10-03 17:02:58,-4.6667,-73.5167,90.48,55,39,5.48
490,Binga,ZW,2021-10-03 17:02:59,-17.6203,27.3414,81.79,48,84,0.83
491,Dillon,US,2021-10-03 17:02:59,34.4166,-79.3712,84.81,44,93,5.88
492,Tadine,NC,2021-10-03 17:03:00,-21.55,167.8833,72.55,93,63,5.23
493,Kavaratti,IN,2021-10-03 17:03:00,10.5669,72.642,81.54,80,100,10.04
494,Sibut,CF,2021-10-03 17:03:01,5.718,19.0739,73.78,91,88,2.68
495,Simbahan,PH,2021-10-03 17:03:01,6.3032,120.5836,83.3,78,100,17.05
496,Konstantinovka,RU,2021-10-03 17:03:02,49.6167,127.9833,34.29,81,1,6.2
497,Sao Jose Da Coroa Grande,BR,2021-10-03 17:03:03,-8.8978,-35.1478,80.98,69,35,11.99
498,Songjianghe,CN,2021-10-03 17:03:03,42.1859,127.479,55.65,99,100,4.45
499,Kenai,US,2021-10-03 17:03:04,60.5544,-151.2583,39.15,89,1,0.0
500,Kaiwaka,NZ,2021-10-03 17:03:04,-36.1667,174.45,61.7,99,100,6.35
501,Ylivieska,FI,2021-10-03 17:03:05,64.0833,24.55,53.31,71,100,14.23
502,Witu,KE,2021-10-03 17:03:05,-2.3889,40.4382,77.16,81,52,9.64
503,Zhigansk,RU,2021-10-03 17:03:06,66.7697,123.3711,25.81,85,30,6.24
504,Svetlaya,RU,2021-10-03 17:03:06,46.5389,138.3297,54.28,80,31,6.51
505,Solwezi,ZM,2021-10-03 17:00:54,-12.1688,26.3894,66.76,73,100,4.52
506,Conceicao Do Araguaia,BR,2021-10-03 17:03:07,-8.2578,-49.2647,90.54,42,100,3.06
507,Tongliao,CN,2021-10-03 17:03:07,43.6125,122.2653,48.42,81,83,6.13
508,Acapulco,MX,2021-10-03 17:02:50,16.8634,-99.8901,87.62,66,20,4.61
509,Ugoofaaru,MV,2021-10-03 17:03:08,5.6667,73.0,82.47,77,3,16.62
510,Udachnyy,RU,2021-10-03 17:03:09,66.4167,112.4,29.05,71,100,5.73
511,Capreol,CA,2021-10-03 17:03:09,46.706,-80.9225,56.55,96,100,5.99
512,Santo Antonio Do Ica,BR,2021-10-03 17:03:10,-3.1022,-67.9397,96.22,41,35,3.87
513,Faya,SA,2021-10-03 17:03:10,18.3851,42.4509,66.72,56,99,4.45
514,Enshi,CN,2021-10-03 17:03:11,30.3,109.4833,71.96,86,21,0.54
515,Carhuamayo,PE,2021-10-03 17:03:11,-10.9167,-76.0333,51.76,52,55,13.09
516,Sorong,ID,2021-10-03 17:03:12,-0.8833,131.25,76.55,89,100,9.51
517,Namtsy,RU,2021-10-03 17:03:12,62.7161,129.6658,26.71,89,6,5.41
518,Turukhansk,RU,2021-10-03 17:03:12,65.8167,87.9833,30.25,97,95,4.05
519,Louis Trichardt,ZA,2021-10-03 17:00:47,-23.0439,29.9032,58.26,91,85,14.0
520,Ukiah,US,2021-10-03 17:01:57,39.1502,-123.2078,84.97,37,1,0.0
521,Xinmin,CN,2021-10-03 17:03:13,41.9908,122.8253,59.25,58,100,15.3
522,Santa Ana Huista,GT,2021-10-03 17:03:14,15.6833,-91.8167,85.66,62,15,4.54
523,Hofn,IS,2021-10-03 17:03:14,64.2539,-15.2082,47.57,82,100,16.17
524,Pemangkat,ID,2021-10-03 17:03:15,1.1667,108.9667,77.49,84,100,0.49
525,Axim,GH,2021-10-03 17:03:15,4.8699,-2.2405,80.29,79,86,10.04
526,Saint Anthony,US,2021-10-03 17:00:31,45.0205,-93.218,67.89,80,40,3.0
527,Yabassi,CM,2021-10-03 17:03:16,4.457,9.9682,77.45,94,80,3.15
528,Flinders,AU,2021-10-03 17:05:25,-34.5833,150.8552,64.38,76,85,1.01
529,Omsukchan,RU,2021-10-03 17:03:16,62.5333,155.8,26.01,92,100,11.39
530,Rabo De Peixe,PT,2021-10-03 17:03:17,37.8,-25.5833,75.27,87,75,4.61
531,Umm Lajj,SA,2021-10-03 17:03:17,25.0213,37.2685,81.82,70,5,12.35
532,Grand Gaube,MU,2021-10-03 17:03:17,-20.0064,57.6608,72.37,75,10,5.99
533,Ternate,ID,2021-10-03 17:03:18,0.8,127.4,80.04,82,79,6.15
534,Vieques,PR,2021-10-03 17:03:18,18.425,-65.8329,89.62,55,75,18.41
535,Sioux Lookout,CA,2021-10-03 17:03:19,50.1001,-91.917,57.58,85,97,4.59
536,Kieta,PG,2021-10-03 17:03:19,-6.2167,155.6333,78.39,85,52,4.07
537,Makat,KZ,2021-10-03 17:03:20,47.6469,53.3463,53.71,46,6,8.32
538,Vostok,RU,2021-10-03 17:03:20,46.4856,135.8833,45.3,98,60,4.61
539,Mangai,CD,2021-10-03 17:03:20,-4.05,19.5333,70.92,95,95,2.89
540,Calabozo,VE,2021-10-03 17:03:21,8.9242,-67.4293,90.12,48,54,8.93
541,Bendigo,AU,2021-10-03 16:58:43,-36.7667,144.2833,48.85,69,96,1.01
542,Mogadishu,SO,2021-10-03 17:03:22,2.0371,45.3438,78.89,83,18,15.95
543,Pangody,RU,2021-10-03 17:03:22,65.85,74.4859,32.13,71,93,8.93
544,Datong,CN,2021-10-03 17:00:12,40.0936,113.2914,51.39,42,100,10.76
545,Souillac,MU,2021-10-03 17:03:23,-20.5167,57.5167,72.36,79,32,15.7
546,Shimanovsk,RU,2021-10-03 17:03:23,52.0,127.7,33.06,74,2,5.39
547,Paita,PE,2021-10-03 17:03:24,-5.0892,-81.1144,75.76,68,29,13.87
548,Taldan,RU,2021-10-03 17:03:24,53.6667,124.8,27.79,80,7,4.65
549,Homer,US,2021-10-03 17:00:41,59.6425,-151.5483,38.8,70,78,5.99
550,Aswan,EG,2021-10-03 17:03:25,24.0934,32.907,86.05,25,3,12.03
551,Hauterive,FR,2021-10-03 17:03:25,46.0901,3.4459,57.96,95,100,2.28
552,Vardo,NO,2021-10-03 17:05:30,70.3705,31.1107,49.75,76,0,17.27
553,Marsa,MT,2021-10-03 17:03:26,35.8792,14.4953,76.28,73,20,8.05
554,Leh,IN,2021-10-03 17:05:31,34.1667,77.5833,53.94,29,26,5.44
555,Smirnykh,RU,2021-10-03 17:03:27,49.75,142.8333,41.86,95,100,3.6
556,Eyl,SO,2021-10-03 17:03:27,7.9803,49.8164,78.6,85,79,20.83
557,Mehran,IR,2021-10-03 17:03:28,33.1222,46.1646,93.09,11,0,6.69
558,Newport,GB,2021-10-03 17:03:28,51.5877,-2.9984,58.28,85,15,17.38
